seed,arm,wall_s,births,copper,day,deaths,discoveries,era,farms,food,forgotten,generations,homes,iron,knowledge,loose,model_step_share,population,requests_per_chit_day,starved,stockpiles,structures,tablets,tunnels,useful,villages,wait_seconds_per_chit_day,waiting_share
1,A,7339.9,12,0,25,0,25,5,3,58,0,1,6,0,25,397,0.557,24,3.222,0,7,22,0,0,3,1,18.2776,0.0
1,B,7655.2,6,0,25,0,16,4,29,0,0,2,7,0,16,898,0.643,18,10.03,0,0,42,0,0,0,2,23.0197,0.0
2,A,8589.4,12,0,25,0,20,5,11,169,0,1,6,0,20,389,0.605,24,3.821,0,9,38,0,0,7,1,20.2317,0.0
2,B,8766.7,10,0,25,0,22,5,14,17,0,2,5,0,22,1101,0.657,22,10.419,0,1,25,0,0,1,1,22.6175,0.0
3,A,4721.2,9,0,25,0,21,5,2,157,0,1,7,0,21,1414,0.539,21,3.287,0,2,16,2,0,0,1,11.7433,0.0
3,B,8646.9,8,0,25,0,13,5,32,0,0,2,5,0,13,1299,0.694,20,11.173,0,0,41,0,0,0,1,23.3857,0.0
42,A,13780.5,24,0,25,0,26,5,4,271,0,3,7,0,26,477,0.597,36,3.585,0,7,24,0,0,4,1,26.0407,0.0
42,B,9430.0,12,0,25,0,17,4,19,91,0,2,5,0,17,240,0.742,24,11.204,0,5,36,0,0,3,1,21.1016,0.0
7,A,8529.5,10,0,25,0,19,3,2,143,0,2,8,0,19,325,0.552,22,3.742,0,5,25,0,0,2,2,21.7346,0.0
7,B,7233.4,7,0,25,0,9,4,33,0,0,1,5,0,9,678,0.69,19,10.73,0,0,45,0,0,0,1,21.6772,0.0
99,A,6607.8,13,0,25,0,18,4,4,307,0,2,8,0,18,67,0.609,25,3.043,0,11,34,0,0,10,2,15.9009,0.0
99,B,8486.4,8,0,25,0,23,5,27,8,0,1,5,0,23,788,0.746,20,9.588,0,2,38,1,0,1,1,20.5141,0.0
